{
  "scene.lastopened": {
    "Value": "[\u0022scenes/walker_example.scene\u0022]",
    "Timeout": 1735144766,
    "DeleteAt": 0
  },
  "gizmo.settings": {
    "Value": "{\u0022EditMode\u0022:\u0022position\u0022,\u0022Selection\u0022:true,\u0022ViewMode\u0022:\u00223d\u0022,\u0022GizmosEnabled\u0022:true,\u0022GizmoScale\u0022:1,\u0022GridSpacing\u0022:8,\u0022SnapToGrid\u0022:true,\u0022SnapToAngles\u0022:true,\u0022AngleSpacing\u0022:15,\u0022GlobalSpace\u0022:false,\u0022DebugActionGraphs\u0022:false}",
    "Timeout": 1735144859,
    "DeleteAt": 0
  },
  "scenes/flyer_example.scene.Viewport0": {
    "Value": "{\u0022CameraPosition\u0022:\u0022-7143.974,-7143.975,10902.61\u0022,\u0022CameraRotation\u0022:\u0022-0.1464466,0.3535534,0.3535534,0.8535534\u0022,\u0022CameraOrthoHeight\u0022:1000}",
    "Timeout": 1732471236,
    "DeleteAt": 1732639153
  },
  "scenes/walker_example.scene.Viewport0": {
    "Value": "{\u0022CameraPosition\u0022:\u00224.097099,268.366,496.7835\u0022,\u0022CameraRotation\u0022:\u00220.2423258,0.2017571,-0.7292984,0.6072035\u0022,\u0022CameraOrthoHeight\u0022:1000}",
    "Timeout": 1735144860,
    "DeleteAt": 0
  },
  ".Viewport0": {
    "Value": "{\u0022CameraPosition\u0022:\u002266.49246,-768.0743,49.54514\u0022,\u0022CameraRotation\u0022:\u00220.1079748,0.1108001,-0.689514,0.7075558\u0022,\u0022CameraOrthoHeight\u0022:1000}",
    "Timeout": 1732471755,
    "DeleteAt": 1732639153
  },
  "AssetBrowser.History.AssetsBrowser.ViewMode": {
    "Value": "0",
    "Timeout": 1732471206,
    "DeleteAt": 1732639153
  },
  "AssetBrowser.History.AssetsBrowser.ShowJunkFiles": {
    "Value": "false",
    "Timeout": 1732471206,
    "DeleteAt": 1732639153
  },
  "AssetBrowser.History.AssetsBrowser.ShowRecursiveFiles": {
    "Value": "false",
    "Timeout": 1732471206,
    "DeleteAt": 1732639153
  },
  "expand.dad296d6-935e-4779-b5ae-67a3a0d28ab6.MissingComponent": {
    "Value": "false",
    "Timeout": 1732471755,
    "DeleteAt": 1732639153
  },
  "SceneView.Viewport0.Settings": {
    "Value": "{\u0022CameraPosition\u0022:\u00224.097099,268.366,496.7835\u0022,\u0022CameraRotation\u0022:\u00220.2423258,0.2017571,-0.7292984,0.6072035\u0022,\u0022View\u0022:0,\u0022RenderMode\u0022:0,\u0022WireframeMode\u0022:false,\u0022EnablePostProcessing\u0022:true,\u0022ShowGrid\u0022:true,\u0022GridOpacity\u0022:0.2,\u0022GridAxis\u0022:0,\u0022CameraOrthoHeight\u0022:1000}",
    "Timeout": 1735144860,
    "DeleteAt": 0
  },
  "SceneView.Layout": {
    "Value": "{\u0022Layout\u0022:0,\u0022SplitterState\u0022:[]}",
    "Timeout": 1735144860,
    "DeleteAt": 0
  },
  "folder-metadata": {
    "Value": "{\u0022..\\\\..\\\\..\\\\..\\\\..\\\\Program Files (x86)\\\\Steam\\\\steamapps\\\\common\\\\sbox\\\\Recents\u0022:{\u0022Color\u0022:\u00220.46667,0.73333,1,1\u0022,\u0022Icon\u0022:\u0022\u0022},\u0022..\\\\..\\\\..\\\\..\\\\..\\\\Program Files (x86)\\\\Steam\\\\steamapps\\\\common\\\\sbox\\\\Everything\u0022:{\u0022Color\u0022:\u00220.46667,0.73333,1,1\u0022,\u0022Icon\u0022:\u0022\u0022},\u0022.\u0022:{\u0022Color\u0022:\u00220.46667,0.73333,1,1\u0022,\u0022Icon\u0022:\u0022\u0022},\u0022..\\\\..\\\\..\\\\..\\\\..\\\\Program Files (x86)\\\\Steam\\\\steamapps\\\\common\\\\sbox\\\\addons\\\\citizen\\\\assets\u0022:{\u0022Color\u0022:\u00220.46667,0.73333,1,1\u0022,\u0022Icon\u0022:\u0022\u0022},\u0022..\\\\..\\\\..\\\\..\\\\..\\\\Program Files (x86)\\\\Steam\\\\steamapps\\\\common\\\\sbox\\\\core\u0022:{\u0022Color\u0022:\u00220.46667,0.73333,1,1\u0022,\u0022Icon\u0022:\u0022\u0022},\u0022Assets\\\\prefabs\u0022:{\u0022Color\u0022:\u00220.46667,0.73333,1,1\u0022,\u0022Icon\u0022:\u0022\u0022},\u0022Assets\\\\scenes\u0022:{\u0022Color\u0022:\u00220.46667,0.73333,1,1\u0022,\u0022Icon\u0022:\u0022\u0022},\u0022Assets\u0022:{\u0022Color\u0022:\u00220.46667,0.73333,1,1\u0022,\u0022Icon\u0022:\u0022\u0022},\u0022code\u0022:{\u0022Color\u0022:\u00220.46667,0.73333,1,1\u0022,\u0022Icon\u0022:\u0022\u0022},\u0022Localization\u0022:{\u0022Color\u0022:\u00220.46667,0.73333,1,1\u0022,\u0022Icon\u0022:\u0022\u0022},\u0022ProjectSettings\u0022:{\u0022Color\u0022:\u00220.46667,0.73333,1,1\u0022,\u0022Icon\u0022:\u0022\u0022},\u0022code\\\\Examples\u0022:{\u0022Color\u0022:\u00220.46667,0.73333,1,1\u0022,\u0022Icon\u0022:\u0022\u0022},\u0022code\\\\Util\u0022:{\u0022Color\u0022:\u00220.46667,0.73333,1,1\u0022,\u0022Icon\u0022:\u0022\u0022}}",
    "Timeout": 1735144767,
    "DeleteAt": 0
  },
  "AssetBrowser.History": {
    "Value": "[\u0022C:\\\\Users\\\\uberm\\\\Desktop\\\\Projects\\\\shrimple_character_controller\\\\Assets\u0022]",
    "Timeout": 1735144766,
    "DeleteAt": 0
  },
  "AssetBrowser.HistoryIdx": {
    "Value": "0",
    "Timeout": 1735144766,
    "DeleteAt": 0
  },
  "Window.SboxSceneEditor.Dock": {
    "Value": "{\u0022floatingWindows\u0022:[],\u0022mainWrapper\u0022:{\u0022geometry\u0022:\u0022AdnQywADAAAAAAAAAAAAAAAAB9IAAAPFAAAAAAAAAAAAAAfSAAADxQAAAAAAAAAACAAAAAAAAAAAAAAAB9IAAAPF\u0022,\u0022splitter\u0022:{\u0022items\u0022:[{\u0022currentIndex\u0022:0,\u0022objects\u0022:[{\u0022data\u0022:null,\u0022managedType\u0022:\u0022SceneTreeWidget\u0022,\u0022name\u0022:\u0022Hierarchy\u0022},{\u0022data\u0022:null,\u0022managedType\u0022:\u0022PanelInspectorWidget\u0022,\u0022name\u0022:\u0022UI Panels\u0022}],\u0022type\u0022:\u0022area\u0022},{\u0022items\u0022:[{\u0022items\u0022:[{\u0022currentIndex\u0022:1,\u0022objects\u0022:[{\u0022data\u0022:null,\u0022managedType\u0022:\u0022\u0022,\u0022name\u0022:\u0022GameFrame\u0022},{\u0022data\u0022:null,\u0022managedType\u0022:\u0022SceneDock\u0022,\u0022name\u0022:\u0022SceneDock:scenes/walker_example.scene\u0022}],\u0022type\u0022:\u0022area\u0022},{\u0022currentIndex\u0022:0,\u0022objects\u0022:[{\u0022data\u0022:null,\u0022managedType\u0022:\u0022ConsoleWidget\u0022,\u0022name\u0022:\u0022Console\u0022},{\u0022data\u0022:null,\u0022managedType\u0022:\u0022MainAssetBrowser\u0022,\u0022name\u0022:\u0022Asset Browser\u0022},{\u0022data\u0022:null,\u0022managedType\u0022:\u0022LibraryManagerDock\u0022,\u0022name\u0022:\u0022Library Manager\u0022},{\u0022data\u0022:null,\u0022managedType\u0022:\u0022MixerDock\u0022,\u0022name\u0022:\u0022Mixer\u0022}],\u0022type\u0022:\u0022area\u0022}],\u0022state\u0022:\u0022AAAA/wAAAAEAAAACAAACuAAAAsoA/////wEAAAACAA==\u0022,\u0022type\u0022:\u0022splitter\u0022},{\u0022items\u0022:[{\u0022currentIndex\u0022:0,\u0022objects\u0022:[{\u0022data\u0022:null,\u0022managedType\u0022:\u0022Inspector\u0022,\u0022name\u0022:\u0022Inspector\u0022},{\u0022data\u0022:null,\u0022managedType\u0022:\u0022UndoDock\u0022,\u0022name\u0022:\u0022Undo\u0022}],\u0022type\u0022:\u0022area\u0022},{\u0022currentIndex\u0022:0,\u0022objects\u0022:[{\u0022data\u0022:null,\u0022managedType\u0022:\u0022PerformanceDock\u0022,\u0022name\u0022:\u0022Performance\u0022}],\u0022type\u0022:\u0022area\u0022}],\u0022state\u0022:\u0022AAAA/wAAAAEAAAACAAAC2wAAAOcA/////wEAAAACAA==\u0022,\u0022type\u0022:\u0022splitter\u0022}],\u0022state\u0022:\u0022AAAA/wAAAAEAAAACAAAE/AAAAckA/////wEAAAABAA==\u0022,\u0022type\u0022:\u0022splitter\u0022}],\u0022state\u0022:\u0022AAAA/wAAAAEAAAACAAABBgAABskA/////wEAAAABAA==\u0022,\u0022type\u0022:\u0022splitter\u0022}},\u0022toolWindowManagerStateFormat\u0022:1}",
    "Timeout": 1735144859,
    "DeleteAt": 0
  }
}